Temperature_C_mean,Temperature_C_max,Temperature_C_min,Temperature_C_std,Pressure_Bar_mean,Humidity_Percent_mean,Motor_Speed_RPM_max,Compression_Force_kN_max,Flow_Rate_LPM_mean,Power_Consumption_kW_max,Vibration_mm_s_mean,Vibration_mm_s_max,Vibration_mm_s_std,Granulation_Time,Binder_Amount,Drying_Temp,Drying_Time,Compression_Force,Machine_Speed,Lubricant_Conc,Moisture_Content,Tablet_Weight,Predicted_Quality,Predicted_Energy,Predicted_Carbon
43.18972895652067,68.8789201832482,21.935304563931208,13.105311618049267,1.079818829427379,41.701159270952616,932.8707011557474,10.117733856860562,2.349342828726417,62.36980289786502,2.8650217895076775,8.88162763554285,2.2840953294971533,22.514051455529682,9.369390516518076,58.75316542067029,36.11175931028348,12.672894348191413,196.4460391044961,1.1550395190560137,2.0104317451994502,209.79511153421453,96.88477,5158.8228,4230.2407
41.85717880289898,68.61888504478969,21.93038380615318,13.103000337596203,1.0267169906494773,44.45804304995399,933.0549301195225,10.141105687087235,2.4389329927285837,59.921005229388456,2.8652722789804703,8.640462152669585,2.2875052271110867,22.487631114165918,9.523173678064452,58.74920841274486,32.51577401045299,13.718809949937645,196.22458338885363,1.3264005155741472,1.6792507882177152,208.92873970369376,96.872345,5141.564,4216.088
43.18972895652067,68.87461583171984,22.4391580008316,13.104980213564229,1.079818829427379,41.69986683557883,932.8707011557474,10.11766196273101,2.349342828726417,60.34570798428231,2.8650217895076775,8.88162763554285,2.2840953294971533,22.514051455529682,9.362871420444948,58.7739887059061,36.11175931028348,12.672894348191413,196.44604286735634,1.1550395190560137,2.010775428176884,209.79511153421453,96.865776,5140.856,4215.5073
43.18972895652067,68.87461583171984,22.4391580008316,13.104980213564229,1.079818829427379,41.69986683557883,932.8707011557474,10.11766196273101,2.349342828726417,60.34570798428231,2.8650217895076775,8.88162763554285,2.2840953294971533,22.514051455529682,9.362871420444948,58.7739887059061,36.11175931028348,12.672894348191413,196.44604286735634,1.1550395190560137,2.010775428176884,209.79511153421453,96.865776,5140.856,4215.5073
39.43055198375665,69.61798747518989,21.922526641676125,13.102021130457938,1.0803278192019647,39.88871242901252,936.7054989101964,10.117636448190655,2.34834676656877,60.34776009937189,2.864490094790289,8.884066454241585,2.2926663636475637,19.456864320879237,9.562759039664616,60.52040403735004,33.47046399090467,13.405988688500207,207.27669241278875,1.1556839167165958,1.6782608443858178,208.290251445578,96.865204,5134.0435,4209.9214
39.434983721811975,69.58814837546471,21.922526641676125,13.102110259846325,1.0277890770404874,39.92549012646393,936.7054989101964,10.118961831897565,2.3483443031839983,60.34776009937189,2.8644950097286634,8.884066454241585,2.2926663636475637,19.456864320879237,9.56373397675753,60.52040403735004,33.47046399090467,13.458051232596674,207.27669241278875,1.1556839167165958,1.6782608443858178,208.2646401039828,96.865204,5134.0435,4209.9214
43.25406718134598,68.61676788759283,21.936648669589225,13.123701759771084,1.0267648764642403,41.641804078481535,925.8722485241345,10.119007345555083,2.347521981510997,62.37948188405855,2.8648609536803087,8.644013499536038,2.285935398874223,22.512966642749163,9.521579950665132,58.772954988493034,36.684615936234984,13.457757336072792,196.35903738495,0.9047639611157795,2.04157163359448,208.97041828236917,96.86076,5045.8174,4137.5767
43.25406718134598,68.61676788759283,21.936648669589225,13.123701759771084,1.0267648764642403,41.641804078481535,925.8722485241345,10.119007345555083,2.347521981510997,62.37948188405855,2.8648609536803087,8.644013499536038,2.285935398874223,22.512966642749163,9.521579950665132,58.772954988493034,36.684615936234984,13.457757336072792,196.35903738495,0.9047639611157795,2.04157163359448,208.97041828236917,96.86076,5045.8174,4137.5767
43.24963538834679,68.64660698731801,21.936648669589225,13.123612630382697,1.0793036128079352,41.60502638103013,925.8722485241345,10.117681961848174,2.3475244448957686,62.37948188405855,2.864856038741934,8.644013499536038,2.285935398874223,22.512966642749163,9.520605013572219,58.772954988493034,36.684615936234984,13.405694791976323,196.35903738495,0.9047639611157795,2.04157163359448,208.99602962396435,96.86076,5045.8174,4137.5767
43.25406718134598,68.61676788759283,21.936648669589225,13.123701759771084,1.0267648764642403,41.641804078481535,925.8722485241345,10.119007345555083,2.347521981510997,62.37948188405855,2.8648609536803087,8.644013499536038,2.285935398874223,22.512966642749163,9.521579950665132,58.772954988493034,36.684615936234984,13.457757336072792,196.35903738495,0.9047639611157795,2.04157163359448,208.97041828236917,96.86076,5045.8174,4137.5767
41.7353957982306,69.50489212615891,21.930475371049138,13.145822471618194,1.0267374034639438,41.52392211217729,925.6685263673219,10.141976078556677,2.343247824775335,62.38102452265415,2.83350620890481,8.643001669418187,2.286691315889582,22.434233416816806,9.507913082843796,59.162116088276676,36.753467123084015,13.364364789988306,186.6857142784836,1.3938973685573919,2.0414129881238843,209.11782329352056,96.85186,4918.383,4033.076
41.73526390606821,69.50489212615891,21.930475371049138,13.145822471618194,1.0265118828918092,41.52392211217729,925.602322968103,10.141976078556677,2.343247824775335,62.0992855242094,2.831448814506381,8.640952651461587,2.2877136635945923,22.305775908792345,9.507913082843796,59.156580826906534,36.753467123084015,13.364364789988306,186.6857142784836,0.9089153159922723,2.041773633388544,209.11782329352056,96.85186,4918.383,4033.076
41.7353957982306,69.50489212615891,21.930475371049138,13.145822471618194,1.0267374034639438,41.52392211217729,925.6685263673219,10.141976078556677,2.343247824775335,62.38102452265415,2.83350620890481,8.643001669418187,2.286691315889582,22.434233416816806,9.507913082843796,59.162116088276676,36.753467123084015,13.364364789988306,186.6857142784836,1.3938973685573919,2.0414129881238843,209.11782329352056,96.85186,4918.383,4033.076
41.7353957982306,69.50489212615891,21.930475371049138,13.145822471618194,1.0267374034639438,41.52392211217729,925.6685263673219,10.141976078556677,2.343247824775335,62.38102452265415,2.83350620890481,8.643001669418187,2.286691315889582,22.434233416816806,9.507913082843796,59.162116088276676,36.753467123084015,13.364364789988306,186.6857142784836,1.3938973685573919,2.0414129881238843,209.11782329352056,96.85186,4918.383,4033.076
41.69612966365593,68.8313972678353,21.93047903963657,13.226574197956396,1.081581573285906,39.785756922978365,933.4818150051993,10.125005082010558,2.329229614570569,62.096494048964765,2.865487715409918,8.897139460528212,2.2876934254217716,22.30470596486978,9.515503557904053,59.15655179701244,32.884752622109154,13.717296286826414,196.31681661158564,0.8704387336260404,2.025746391191385,205.13530362428568,96.84321,4863.536,3988.1023
41.69612966365593,68.8313972678353,21.93047903963657,13.226574197956396,1.081581573285906,39.785756922978365,933.4818150051993,10.125005082010558,2.329229614570569,62.096494048964765,2.865487715409918,8.897139460528212,2.2876934254217716,22.30470596486978,9.515503557904053,59.15655179701244,32.884752622109154,13.717296286826414,196.31681661158564,0.8704387336260404,2.025746391191385,205.13530362428568,96.84321,4863.536,3988.1023
41.797647598940436,68.8313972678353,21.93047903963657,13.226574197956396,1.0803783174393928,39.785756922978365,933.6572621719962,10.139213124504076,2.184126939417974,61.406725100094654,2.8339596567397773,8.889836457889132,2.2847240212940054,19.235669070845052,9.515503557904053,59.292986442216815,32.884752622109154,13.719616475426863,196.11188658767605,0.9135016151050672,2.025746391191385,205.49999135166237,96.83435,4858.529,3983.9956
41.797647598940436,68.83269997537327,21.93047903963657,13.226574197956396,1.07981227820143,41.76837718111717,932.8750500288736,10.139213124504076,2.3522540633376297,61.406725100094654,2.8336061119883924,8.890069096302124,2.2847240212940054,19.184630644942448,9.515503557904053,58.77050404983267,33.03399199423262,12.736744153284258,196.448460566332,0.9135016151050672,2.025746391191385,205.40652812287266,96.83435,4858.529,3983.9956
41.797647598940436,68.8313972678353,21.93047903963657,13.226574197956396,1.0803783174393928,39.785756922978365,933.6572621719962,10.139213124504076,2.184126939417974,61.406725100094654,2.8339596567397773,8.889836457889132,2.2847240212940054,19.235669070845052,9.515503557904053,59.292986442216815,32.884752622109154,13.719616475426863,196.11188658767605,0.9135016151050672,2.025746391191385,205.49999135166237,96.83435,4858.529,3983.9956
41.75143309810717,68.64463933539545,21.925995085443176,17.663740229535268,1.0295720156951176,41.525740565456516,925.3695920197168,10.138824642250972,2.3461684879228946,62.0708372627528,2.865139451878303,8.835487447529106,2.28669006193074,22.12458084134274,9.586749561525167,59.16301122448856,32.91330792872485,13.445593622015412,186.7703591433069,0.913611389319729,2.0372267426304904,208.87752095245537,96.8123,4727.722,3876.735
41.75143309810717,68.94145983630635,21.925995085443176,17.049016915148886,1.0261834328760329,41.525740565456516,933.5010567929581,10.139396257284158,2.3461684879228946,62.075076226604466,2.865139451878303,8.835253551071105,2.28669006193074,22.24338752446242,9.586749561525167,59.16301122448856,32.914011614347324,13.446122908497665,186.7703591433069,0.913611389319729,2.038392452649844,208.8277864996581,96.8123,4727.722,3876.735
41.75143309810717,68.94145983630635,21.925995085443176,17.049016915148886,1.0261834328760329,41.525740565456516,933.5010567929581,10.139396257284158,2.3461684879228946,62.075076226604466,2.865139451878303,8.835253551071105,2.28669006193074,22.24338752446242,9.586749561525167,59.16301122448856,32.914011614347324,13.446122908497665,186.7703591433069,0.913611389319729,2.038392452649844,208.8277864996581,96.8123,4727.722,3876.735
39.21503355417661,68.94445919002251,21.93400391181615,17.663740229535268,1.0295720156951176,41.57354422361527,925.4653482042708,10.13920147752955,2.3457297671107447,62.05761329156428,2.8651382041538915,8.835529519698696,2.2866900681644027,19.037803076360674,9.586749561525167,58.74636806888519,32.91151282562647,13.461259899746185,186.7703591433069,0.913611389319729,2.041890883080154,209.63345095661884,96.803444,4700.976,3854.8035
39.43055198375665,68.72366166843685,21.922526641676125,15.349702030025249,1.080380176675056,39.776517227718294,934.2636113480667,10.138856922135599,2.442728026516525,62.07227945747185,2.8653686960373888,8.906174630611625,2.2923650233029793,19.15671900209524,9.56372127536109,60.474123029248275,33.775197910051325,13.405988688500207,207.27669241278875,1.3919095911938841,1.6773713749068526,208.3237429663398,96.803444,4700.976,3854.8035
39.24151088938338,69.53612017187567,21.934072571528056,17.79144756444582,1.0654856324932818,44.74935972636483,925.311576200688,10.11621879736641,2.348665521938099,60.288138450509656,2.8651467694122905,8.835594684070502,2.2923294806223145,22.64634632284418,9.594711002873096,58.77496718620085,33.623077341846425,13.733802688824293,204.47864733797303,1.3962175246191757,1.678835138823771,205.41694657534188,96.79109,4699.4272,3853.5322
42.16368840333564,68.85600310988686,21.933417793709836,15.950984366540055,1.0808682257712063,44.75626562529725,925.1305477450217,10.11810980544931,2.3412197560207915,60.320791638012714,2.865142896057492,8.827621620271566,2.292206120897991,19.082111019384737,9.56372127536109,60.52040403735004,35.539385969886965,13.48396639682442,206.7337567109912,1.346357529632061,1.7709676200901079,209.74642796959992,96.791016,4676.888,3835.0505
42.16368840333564,68.85600310988686,21.933417793709836,15.950984366540055,1.0808682257712063,44.75626562529725,925.1305477450217,10.11810980544931,2.3412197560207915,60.320791638012714,2.865142896057492,8.827621620271566,2.292206120897991,19.082111019384737,9.56372127536109,60.52040403735004,35.539385969886965,13.48396639682442,206.7337567109912,1.346357529632061,1.7709676200901079,209.74642796959992,96.791016,4676.888,3835.0505
39.43055198375665,69.61798747518989,21.922526641676125,15.303001348837086,1.0803278192019647,39.88871242901252,936.3476431308297,10.117636448190655,2.348336499173665,60.23660426201678,2.864490094790289,8.884066454241585,2.2926663636475637,19.456864320879237,9.56372127536109,60.52040403735004,33.47046399090467,13.405988688500207,207.27669241278875,1.3920111428862594,1.676671676912322,208.3237429663398,96.782234,4672.681,3831.6006
39.43055198375665,69.61798747518989,21.922526641676125,15.303001348837086,1.080380176675056,39.776517227718294,934.2344916320866,10.138856922135599,2.442728026516525,60.23660426201678,2.8651511581257116,8.884097068549323,2.2923650233029793,19.15671900209524,9.56372127536109,60.52040403735004,35.55317577740447,13.405988688500207,207.27669241278875,1.3919095911938841,1.6773713749068526,208.3237429663398,96.782234,4672.681,3831.6006
39.27157084246401,68.76476652769004,21.921868004435748,15.348932361110132,1.0818539632647064,39.744367529714076,933.0367033070697,10.145372337090443,2.3299360254435486,62.13065159472474,2.8348575848044595,8.906330778008165,2.285001407943052,15.903948285846687,9.53721238286787,59.15655179701244,33.76453147055259,13.718223222235123,197.28257770627886,0.8696615466933705,1.7625527235249339,205.13759001544113,96.779625,4672.342,3831.3232
39.27157084246401,68.8313972678353,21.93047903963657,15.871504519281423,1.0816317213349471,39.744367529714076,933.1194880598462,10.12305872448959,2.329229614570569,62.13065159472474,2.834114594835139,8.906330778008165,2.285001407943052,15.903948285846687,9.515503557904053,59.15655179701244,33.04624148129115,13.717296286826414,197.24676224786757,0.8689379265935743,1.8167172492406787,205.13530362428568,96.779625,4672.342,3831.3232
39.14180419126383,68.63244540091439,21.93113074984701,17.000127578535537,1.0649960678861632,39.72664341741125,934.3047695344048,10.139055900993908,2.4336206912762233,60.32037103080898,2.86440377944297,8.830455888164549,2.292222600338095,19.08211021932028,8.440684093965569,58.80271814999527,33.5495879183919,13.411109808253183,187.14282113412204,0.8640764590198503,1.7853616443720277,205.60307151874568,96.77636,4668.1123,3827.8542
39.229333634726,68.63244540091439,21.93113074984701,15.850615737025535,1.0639738324315822,39.536038802315694,934.3047695344048,10.139055900993908,2.4336206912762233,60.3207968971396,2.86440377944297,8.829624305874871,2.2922096046435296,19.08211021932028,8.458792196542356,58.80271814999527,33.5495879183919,13.411109808253183,196.50002501883785,0.8689282466011754,1.7775478141574144,205.60307151874568,96.77636,4668.1123,3827.8542
41.797889749175475,69.61445921443504,21.933567804876144,15.33152044268632,1.080867526245069,44.75626562529725,925.5735453599652,10.11810980544931,2.4395806523475745,60.32036137732324,2.8651467694122905,8.885478572051229,2.2924471942693274,19.08211021932028,8.458792196542356,58.77496718620085,35.539385969886965,13.721824949582857,196.54843585480526,1.392513026162704,1.6770307087002658,205.58948385731773,96.76758,4663.9053,3824.4043
41.95569380463684,69.62736243066799,21.922522512006495,15.293282157971632,1.0810938761531,44.44294189819224,936.4222801415842,10.139628515135332,2.444834676344613,60.34021081608042,2.8644698778111426,8.885983166755723,2.2920779823254693,19.082086810760405,8.499067831842488,58.77496718620085,36.61381883485389,13.71320417118456,196.47635296629755,1.3892261415422402,1.6798321894947605,209.131133890101,96.76758,4663.9053,3824.4043
38.86399291191175,68.65976128040391,21.922984991293248,15.33355385733884,1.0807821973003322,44.43800380032246,925.5729335252269,10.11807180176173,2.3253333431527365,60.320290684661174,2.8651427034722157,8.884072354695554,2.292605104699402,15.47675230783306,9.540655703521594,58.79367747378045,32.54433232602847,13.496883388713536,206.38423254505267,0.8877660173693431,1.675568709550717,205.40579801872366,96.7672,4644.1006,3808.165
41.735608269027864,68.65954847972453,21.937414158250554,17.061000264245397,1.0404937827908833,41.66849287559562,925.1041632434092,10.117647110453662,2.180583240067949,60.34299789534886,2.864462315686007,8.830547920296949,2.2926392400026994,15.689771305079345,9.523646063609597,59.0347156775256,32.55481413006564,13.435032002074214,206.4258785780178,0.892855908311387,2.0413230683417902,205.3976011141705,96.7672,4644.1006,3808.165
41.73540253156816,69.50642687623107,21.937414158250554,17.061000264245397,1.0404663097905869,41.66849287559562,925.1041632434092,10.141996980376524,2.3434118603460234,60.34299789534886,2.864476707029198,8.830547920296949,2.2812188725828486,15.691002504879604,9.50774118202143,59.03602090414062,33.111186336370814,13.365314510203607,186.67885411997494,1.3860906219149713,2.0414110229405704,205.3976011141705,96.7584,4639.8936,3804.715
41.737727637801626,69.62736243066799,21.922550003098415,15.293282157971632,1.0810938761531,41.65571380953479,936.4222801415842,10.139628515135332,2.1814439731730575,60.340472999563936,2.86446185146141,8.886438897936788,2.2920727983994733,15.781254857502443,9.51499870766083,58.77496718620085,32.44640841632804,13.71195495166455,196.65859095443474,1.386360210261932,2.039359656875979,205.2907717870086,96.7584,4639.8936,3804.715
41.852837826318,68.66045982946471,21.15277159483095,15.846488356153193,1.08263883491658,39.54345849012832,933.774780251832,10.124431252934777,2.4411390861827966,62.164805459423015,2.8651313748217366,8.829396385530105,2.2869766127279965,19.58224993445899,9.328752899850661,58.84054654197879,36.40765311701453,13.46423066980426,186.72254217990215,1.4563235413497753,1.7243874489075612,205.33945073851493,96.757355,4624.3784,3791.994
41.71946069742078,68.6165072073344,19.98063586208748,16.916081891131476,1.0827840902863015,44.63084677414163,925.3785956622589,10.139204757519423,2.2504974552319568,62.3568278274419,2.8651313748217366,8.837454707674153,2.2869766127279965,22.378882509445333,9.363633844996976,59.125825597497965,37.03301678270285,13.466016409305391,195.94248892358792,0.9020044670754007,2.033960891541209,208.38891735997436,96.75072,4574.664,3751.23
41.85116360153513,68.6691230658005,19.97165342441062,17.039738984435775,1.08263883491658,39.61165407340442,924.8323629637953,10.123835918230354,2.3247917808649126,62.164805459423015,2.8651313748217366,8.828797484975942,2.2869766127279965,22.422481527012465,9.36026721084672,59.124190295810756,33.16735320272446,13.46423066980426,186.6750583784973,1.422791048430353,2.0010706897438735,205.3558371891132,96.75072,4574.664,3751.23
41.85521213337086,69.52889432144784,19.954582101648377,15.897845633869583,1.0641318310925905,39.782131373665436,934.2161980025826,10.13906917955278,2.338561525586267,64.92712509535406,2.864506907618121,8.884136844365832,2.282195897125502,22.5989482823581,9.36480755979378,59.11703943111734,33.52412802221974,13.40484717978232,185.97664561468858,1.3466808809206325,1.7773235318531162,208.34309742001943,96.74404,4570.457,3747.78
41.85521213337086,69.52889432144784,19.954582101648377,15.897845633869583,1.0641318310925905,39.782131373665436,934.2161980025826,10.13906917955278,2.338561525586267,64.92712509535406,2.864506907618121,8.884136844365832,2.282195897125502,22.5989482823581,9.36480755979378,59.11703943111734,33.52412802221974,13.40484717978232,185.97664561468858,1.3466808809206325,1.7773235318531162,208.34309742001943,96.74404,4570.457,3747.78
43.557311456085536,68.75954313628507,19.99636798437752,17.018099383857372,1.0819448938555507,41.58689776027594,925.4045166929482,10.119915722734842,2.34168362587125,62.29483858245983,2.865166691407853,8.885999483803586,2.283870288082797,19.036274297236773,9.338804219578222,59.29029488868514,32.91185595731444,13.715503426410708,201.69168535556568,1.3388345977468004,2.02578542955744,209.65343634942002,96.74186,4547.918,3729.2983
43.42906159392685,69.62904221208534,20.000843306631715,17.031026783333775,1.0827159915693096,41.99054862702005,934.073829358236,10.118967929058794,2.3416750037625658,60.350064633651144,2.8651820545367057,8.885702800168106,2.280421105902122,22.324196436942476,9.366355072458596,58.76954205654131,33.16531748794406,13.464444723899634,186.5803500129326,1.391958760325733,1.681961326436546,208.18682721916144,96.73662,4546.478,3728.117
43.42906159392685,69.59085471295649,20.000843306631715,17.031026783333775,1.0827159915693096,39.75954495680897,932.5967475556808,10.118967929058794,2.3414675820890016,60.350064633651144,2.8651779366900896,8.885702800168106,2.280421105902122,22.324196436942476,9.339452483924438,58.76954205654131,33.16531748794406,13.464444723899634,186.5803500129326,1.3158324868916191,2.0235090408844383,208.18682721916144,96.73662,4546.478,3728.117
39.27749959948883,69.5909252260253,19.953398774130584,15.146846182426472,1.0810628977698356,39.85628334492723,932.568615370689,10.138980914521625,2.434750133914854,64.89005356181052,2.8650179792237838,8.88545601437548,2.2845095335579617,19.08101025776825,9.33895222332962,58.748498637241426,36.11884063121132,13.719356500288399,187.91186928660943,1.3171689033341054,2.018154237580141,205.63828059442184,96.73518,4543.711,3725.8484
41.7502065665219,69.52112001446525,19.9412112254715,14.255321114576194,1.0408266864145066,39.69110806236701,925.5853710887268,10.125243389851057,2.330042997911264,64.79793037438834,2.865172028159566,8.889280285680314,2.280858160128048,19.21398687122081,9.345826772534378,59.13371926266881,37.28379854881074,13.740363783433102,186.97496494743038,1.3524454949479698,1.7783861225772404,205.5977630225296,96.73518,4543.711,3725.8484
41.74882674488831,68.67460317803908,19.98076391458178,15.191351265569976,1.0832328666109983,39.78933582742695,932.6847560122267,10.138922856536224,2.4470881003406912,60.27627071457999,2.864316605948937,8.88623204215939,2.2821808909022945,19.608441487089944,9.373553723888655,58.79659460279386,33.337578921139745,13.468443764531814,195.64120021455855,1.3472587581928952,1.7872149993349264,205.59724894815298,96.72943,4523.939,3709.6353
41.85536751269137,68.67460317803908,19.97954661434633,15.191351265569976,1.0832328666109983,39.78933582742695,932.6847560122267,10.138922856536224,2.4431606170441995,60.29810899465363,2.864316605948937,8.88623204215939,2.2821808909022945,19.62359608498839,9.373553723888655,58.7896082339809,33.213264315518934,13.46422183444477,195.64120021455855,1.3469117164727342,1.9948838884848332,205.71462851805703,96.72943,4523.939,3709.6353
41.81914912211813,69.53358530398647,19.95421003907106,17.01536915489854,1.0374879449511283,39.73073110384431,925.7913276331504,10.11929624096994,2.3406892182302927,60.349261922631705,2.8652085925116504,8.871147489405061,2.28596397716968,19.207292648830375,9.44376552135297,58.76995763704412,33.492872705247784,13.412258324046741,187.03855921384942,0.918287006108555,2.0423554542366205,208.5886083211202,96.72776,4519.732,3706.1853
43.618077344598625,69.47651931079147,19.985543865636302,15.3629384921034,1.0807886557825368,39.700516911131814,926.1152340904918,10.107395184105286,2.263839430868177,60.36148683645214,2.864506862016773,8.971505713296843,2.2922449379455068,19.29273164000228,9.370221789894675,58.76483249946144,33.34402419120863,13.234833040327024,196.56198340670488,1.3495757102587098,2.0200342004435012,206.0437359602975,96.72776,4519.732,3706.1853
41.85505548631041,68.66908299807828,19.97949205804201,17.06810276642861,1.0832483754679323,39.788169034155196,934.2495377743261,10.139066198856264,2.443164813126228,60.301537151158826,2.8643183783646524,8.774385354852136,2.282181080899707,19.616813481800946,8.383460340412196,58.7896082339809,36.377368175771934,13.290708422660684,195.68516899598387,1.3468339734964423,1.820122688894343,208.8900669207318,96.714775,4514.6646,3702.0298
41.85505548631041,68.67171632771064,19.979538456956547,17.06810276642861,1.063925557842942,39.788169034155196,934.2498233716815,10.139066198856264,2.443164813126228,60.301537151158826,2.8643183783646524,8.886169734745767,2.282180348528497,19.616813481800946,8.383460340412196,58.7896082339809,36.377368175771934,13.46438185808257,195.8216986795721,1.3468810234927793,1.9949173134921414,208.9517708219536,96.714775,4514.6646,3702.0298
41.7932395373977,69.5837391173864,19.939652472189994,15.232585178779603,1.0404663097905869,41.80757118514229,925.8067173606516,10.106919963590743,2.2524188658988344,60.35019842462132,2.8651540906925734,8.88526742928984,2.2861301973139434,19.308860161811342,8.201417783706052,58.78122589458016,33.378303463348615,13.734763293290111,187.40414840726967,1.425507166285768,2.029778289988159,209.14913095583591,96.713104,4510.4575,3698.5798
43.90286830191472,69.49783632279228,19.941027604819634,15.232585178779603,1.0404663097905869,41.80839305135514,925.8067173606516,10.1254118329638,2.2524188658988344,60.356188670571775,2.865756111342036,8.894812040394461,2.283919991766988,19.308860161811342,8.201417783706052,59.13485487274523,34.126052347569754,13.734763293290111,187.15997233858414,1.3876483850274912,2.0399170618721945,209.14913095583591,96.713104,4510.4575,3698.5798
41.80390710801866,68.66023627158793,19.97997702643543,15.279340969106475,1.0627903641690257,41.95318619370982,931.1540949557885,10.140215642010281,2.2474420309997885,60.37103767352568,2.8650510765199146,8.975062835335649,2.2820253276233475,15.081211725675248,9.363175244636093,58.78385455662455,37.50717285481891,13.403554013457644,185.47534608107273,1.4546049427533656,2.0525930342257217,205.6416078268082,96.7056,4491.1514,3682.7493
41.713103530063684,68.64749044198341,19.94307985948076,15.324328206226093,1.0400546690215997,41.685992201784295,932.8323520746477,10.140188677840253,2.3246384694177484,60.378558261438144,2.8644896347512803,8.979139709273603,2.2823038531822175,15.908047408027302,9.440025460184842,59.13333518222455,37.68453500948231,13.741354860979314,204.97615288297885,1.4125828965663711,1.7710119050050177,209.16598324790613,96.7056,4491.1514,3682.7493
41.70449718903362,69.46965816228746,19.98156313835578,15.734367583391528,1.0819332746010004,39.63535087105666,926.045147994415,10.141216163521776,2.4436342189821723,60.363405268891135,2.8651468667205005,8.882594883691551,2.2871251993161787,15.545266934146216,9.380398082648297,59.18449224430634,36.601914187853765,13.463417735241833,201.99597032401397,0.8689614807673913,1.7238814307677561,205.34399488793431,96.70394,4486.9443,3679.2993
41.843637921233444,69.46965816228746,19.95463679206852,15.734367583391528,1.0819665657271438,39.61386212503826,925.0804756422473,10.119011408935034,2.320990877212893,60.36148683645214,2.865119610726289,8.975945369498987,2.2872439438254766,15.545266934146216,9.375459847881872,59.18449224430634,33.56308880450396,13.463417735241833,202.50556991629637,1.3481176731087072,1.7238814307677561,205.3361119241859,96.70394,4486.9443,3679.2993
43.82676725903565,68.64771350270459,19.954582009112862,15.734110371249807,1.0402150608439782,41.55324186350733,926.7986110627319,10.140638182558634,2.320370622119884,60.361667982943835,2.865118887221917,8.884218222894308,2.2873830056155167,15.070445440323406,8.287515782204338,59.246304263102026,37.460010810673985,13.391421365707426,197.94522682510504,1.4235253573640356,2.0528025273080686,205.66773829136017,96.69094,4481.877,3675.1438
43.58184369293531,68.65589357610895,19.979538456956547,17.018851551271666,1.0819468253697466,39.76351274960409,932.614509229552,10.118982886160545,2.3403370666529173,60.372053589073516,2.865042444264532,8.886143342896327,2.282188587961641,15.551192909743964,8.368096680209538,58.7896082339809,33.365515285881415,13.464444723899634,186.3520646817274,1.4155548484954623,2.010620670691777,208.18862744454023,96.69094,4481.877,3675.1438
39.10026290711667,69.46965816228746,19.95463679206852,15.734367583391528,1.0819665657271438,39.513088293028666,925.0693764876734,10.139635125453447,2.445225663815618,60.36148683645214,2.865119610726289,8.834279716317095,2.2872439438254766,15.545266934146216,8.458750713255165,59.18718463961195,33.56853444203285,13.733985894032388,196.3802513168158,1.3481176731087072,1.7229238484040597,205.33279203263842,96.689285,4477.67,3671.6938
40.51476540371404,69.47449805054741,19.954567063475416,15.3436436091722,1.0812253167547807,39.52623626526899,926.1062111225186,10.1181853271454,2.3271814008954044,60.36148683645214,2.8651582861760962,8.971505713296843,2.2872380618470536,15.545266934146216,8.365169419760196,59.19103875157268,33.568568502624096,13.738190663631764,202.50556991629637,1.350787796147291,2.0276189915657246,206.00120873342752,96.689285,4477.67,3671.6938
38.80416989370392,68.62451232594486,19.998307234492625,17.011876930250853,1.0824607850994576,44.45487482466962,933.1604312319331,10.138975553436111,2.3402871588186103,64.31761025595426,2.865142542205204,8.882419617414037,2.4618679632172937,19.267932798588454,9.345554523074897,59.31197439687073,35.58890329023488,13.713335321033862,187.5422727893462,0.8991300906299603,2.0471977747156074,208.37820015092205,96.688034,4477.661,3671.6877
41.82093620974035,69.5825301182117,19.998366571236293,16.969644485835435,1.0824607850994576,39.76394502349349,933.2245307294808,10.139194636747167,2.3402871588186103,64.31761025595426,2.865184691163536,8.88235520267474,2.461763548054945,19.152684686909783,9.345554523074897,59.302809072684184,35.58890329023488,13.713335321033862,187.5422727893462,0.8987310414046805,2.0519821643991087,208.40549825988526,96.68637,4473.454,3668.2378
41.82093620974035,69.55487619453568,19.998507934944012,16.807668472685144,1.040890836795054,41.939613974024375,933.2365918114917,10.118762035497832,2.340364095044735,64.33995816566764,2.8651845749168823,8.840672733315836,2.461763548054945,19.01437632434629,9.344161887337565,59.313493133403455,35.58919769419104,13.713335321033862,186.89924126530056,0.9000103507713275,2.046569915957726,205.6245575458502,96.68637,4473.454,3668.2378
41.82093620974035,68.73778084520931,19.998366571236293,16.820639781358683,1.0387757315815747,44.75553246413794,925.1669120432556,10.139531149382366,2.3416805027498833,60.31976437841076,2.865184691163536,8.837684815496608,2.461763548054945,19.15440953264205,9.382715130687979,59.140553544243524,35.59588625762508,13.721223288160644,187.29572760985414,0.8642751025820605,1.6810678083940207,208.40932300733962,96.68061,4452.7793,3651.2844
41.93772874372201,68.65629371505206,19.97176939723376,15.290358112687661,1.0628752623414461,44.71952488620857,931.7174264936418,10.139169783836783,2.2657686189599535,60.348596134768805,2.8651770087196704,8.969964615950373,2.4618129376127342,19.440161385669704,9.233686938507429,58.76423518776406,37.50717285481891,13.385903706239485,187.5302141998276,1.3615335369506707,2.0391161644564426,208.52324561109882,96.68061,4452.7793,3651.2844
43.58033037160715,69.56268397058872,19.979960842592288,15.37981710532092,1.0816841053354156,41.58412361533601,926.9297790529555,10.118444864228561,2.2644504559039773,60.349923548152354,2.865184836821079,8.885235807760264,2.4621228688784855,19.0470167475402,9.355727670887495,59.24169661481223,33.52142168815073,13.413805532036724,197.94522682510504,1.4271293753969765,2.010745370337283,205.6433382834508,96.67895,4448.5723,3647.8345
43.831521067179146,69.5647331401223,19.979960842592288,15.43554456648632,1.080398080222832,39.69333164427388,933.2204960987327,10.107565800919526,2.3417309765217453,60.35041280927315,2.865184691163536,8.885230654369208,2.4621228688784855,19.08785362999653,9.348143894123268,59.24181269725811,36.18025718194934,13.413779039264389,197.94522682510504,1.4141624158036492,2.0292907001068214,205.6433382834508,96.67895,4448.5723,3647.8345
43.58184369293531,68.65589357610895,19.97973363410968,15.430940328640151,1.0816670711038268,39.76351274960409,933.1330639034832,10.11862432145208,2.2627118198544363,60.35054486401425,2.865185331587163,8.886150638501398,2.462763588344585,19.080048222849577,8.366691318207165,59.16803610267815,33.365515285881415,13.414401923230997,185.15947817599098,1.4167356925663193,2.010620670691777,208.27100977460432,96.665955,4443.505,3643.679
41.7954358819543,68.65589357610895,19.979743850590708,17.008811200164445,1.0819468253697466,39.7326309977754,932.614509229552,10.107750242343682,2.2630565460351493,60.35016446608918,2.865185331587163,8.886138041300784,2.462763588344585,19.080052243603156,8.360512903445313,58.87174877782407,36.028442627588596,13.414304920318758,185.15947817599098,1.4267490868108015,2.029408466851415,208.2212573696583,96.665955,4443.505,3643.679
41.80002760825408,69.50452137067857,19.980653676914326,15.406732207660687,1.080398080222832,39.69333164427388,933.2204960987327,10.141230151515332,2.262773824420722,60.35616419632709,2.865184689741522,8.894253137941863,2.4627767562931044,19.08785765075011,8.422436815041031,59.24236338633986,34.123981657495435,13.414345334066445,197.94522682510504,1.3877422605486158,2.052748672103897,205.6433382834508,96.66429,4439.298,3640.229
41.80002760825408,69.59042416527271,19.9797261289457,15.406732207660687,1.080398080222832,39.69333164427388,933.2204960987327,10.107568293019844,2.262773824420722,60.350173950376636,2.865184689741522,8.885226932464429,2.4627767562931044,19.08785765075011,8.422436815041031,59.24181269725811,33.376232773274296,13.414345334066445,197.94522682510504,1.4256010418068923,2.0292907001068214,205.6433382834508,96.66429,4439.298,3640.229
41.800396559724994,68.66023627158793,19.973054036727028,15.279340969106475,1.0627903641690257,41.95318619370982,931.1540949557885,10.140215642010281,2.265822242833267,60.37094404448219,2.8651768924730168,8.975062835335649,2.4618338605984547,15.081211725675248,9.250266387210434,58.78223900235075,37.50717285481891,13.401746242994394,195.9936602189264,1.362813165171387,2.0525930342257217,205.6416078268082,96.656784,4419.9917,3624.3984
41.82093620974035,68.71012692153332,19.997896687865424,17.089851861968903,1.0376049627736916,44.89269503940454,931.0020936722523,10.13994921458831,2.3381793157909434,60.35018546994996,2.865184691163536,8.885176413620755,2.461763548054945,15.355846908347674,9.380862129839283,59.131531224858875,33.48774373011788,13.41122498771266,187.16665108958344,0.8991152679993863,2.0416885691650304,208.5356809022139,96.656784,4419.9917,3624.3984
41.8011074001566,69.55756579339642,19.98569060793145,17.01950772518781,1.0819455719367843,39.69471206320277,932.5898983746702,10.116406086830306,2.3420757027024584,60.35040242701412,2.865207991732651,8.894912319022767,2.461888314136507,15.564472044694588,9.37124184062575,58.78105762861304,33.49365623779244,13.243806128882383,197.96201663690542,1.3482136032395526,1.9949606511532754,205.59283419134172,96.65512,4415.7847,3620.9485
41.8011074001566,69.55756579339642,19.98569060793145,17.020846433258296,1.0819455719367843,39.71885884097954,932.7465232437391,10.118459228748439,2.3356271821452865,60.35040242701412,2.865207991732651,8.894507142653687,2.461888314136507,15.564472044694588,9.35573890699392,58.78105762861304,33.52235049318715,13.243806128882383,197.94469404432877,1.3482136032395526,1.9947477529914732,205.59283419134172,96.65512,4415.7847,3620.9485
44.02632053968441,68.65589357610895,19.979619369942228,17.010708456650317,1.0816082870016737,39.76991273583451,932.614509229552,10.11827090333353,2.3403370666529173,60.37022436236287,2.865185331587163,8.886150638501398,2.462763588344585,15.626181361084623,8.368096680209538,58.87163269537819,33.365515285881415,13.706709982677097,185.15947817599098,1.4185306355974197,2.007615279315588,208.2212573696583,96.64213,4410.7173,3616.793
41.89245617622464,69.57551472596458,19.97386205902629,15.189454907727134,1.0806842557967944,41.91622087130062,931.3340533656846,10.107560082602188,2.329614248754051,60.36983340181121,2.8646244650055155,8.884155343176893,2.4557339983918545,15.14538228539271,8.366779444436382,59.12262899848345,36.57759252745736,13.721461698142768,196.41482808222528,1.4282006099234632,1.763685348416792,205.6053660404981,96.640465,4409.295,3615.6265
41.83831906434401,69.57551472596458,19.97386205902629,15.189454907727134,1.0806842557967944,41.91622087130062,931.3340533656846,10.107560082602188,2.329614248754051,60.36983340181121,2.8646244650055155,8.884155343176893,2.4557339983918545,15.14538228539271,8.367347732752721,59.12262899848345,36.57759252745736,13.721459507825559,196.41482808222528,0.8903498587445373,1.763685348416792,205.6053660404981,96.640465,4409.295,3615.6265
43.952107073848495,69.56422092849262,19.989430277113968,17.06688253101236,1.0816941066488046,39.419123016745715,925.8095217326534,10.142625289600442,2.3280537583628385,60.34962832157763,2.865220712706982,9.00198792474502,2.4534890177203827,15.571616757497784,8.36739616283828,58.606442570481924,33.10404089993923,13.272951100540222,197.0649045534187,1.360919555967201,1.8177337906477282,205.6062267784432,96.61361,4406.304,3613.174
41.803116489008694,68.85307316398,19.969021098122308,14.192810969073014,1.0815216398002048,39.78524782780065,925.9831094306161,14.95380148982779,2.3385146199162863,60.32649054015724,2.8651472817238477,8.880899082771393,2.4571501808498226,19.166707601116816,9.345767526931892,58.563419716984356,35.676014382101734,13.749475658860632,196.24687346930503,0.8685659866262185,1.7080694545557162,208.7051919083146,96.49213,4395.093,3603.9814
41.753453467139984,68.68614365191135,19.980411851968675,14.255969363800371,1.0815205958680656,39.76394502349349,925.9210116989829,14.932907676998688,2.336957393081731,60.32629525077327,2.8651442039318114,8.824126883530724,2.457145451343806,19.166405293665274,9.345767526931892,58.74593575733305,35.676014382101734,13.740328961894894,196.24687346930503,0.8989264434426127,1.7719337590650925,208.74508607336583,96.49213,4395.093,3603.9814
41.8011074001566,69.55853641820906,19.982247325755594,15.439739597177645,1.0817092171317233,39.70986067836506,933.1084530486014,14.95325158266966,2.2616119671559534,60.35054396604267,2.865174025351567,8.884690874021459,2.4618331707004995,19.08629713566673,9.314416672253762,61.172897093461884,33.4936473740068,13.419571458395367,197.94611068185887,1.4260012772493211,1.7100644741638436,205.64258659764377,96.49046,4388.101,3598.248
41.96362632146853,69.56449036834415,19.982247325755594,15.439739597177645,1.081708173199584,39.70986067836506,933.1084530486014,14.8402091052929,2.260054267020699,60.35054396604267,2.8651734309241843,8.884690874021459,2.4618284411944824,19.08599482821519,9.314416672253762,61.172897093461884,33.4936473740068,13.421979532674882,197.94611068185887,1.4260012772493211,1.7739287786732199,205.64258659764377,96.49046,4388.101,3598.248
39.380099145799335,68.6811975351705,19.981322848011256,15.23498762188977,1.0377414364167328,41.82283432654631,930.8864785203174,14.90187507283366,2.320789026268773,60.3530339925103,2.8651839151887457,8.88810097392116,2.4528255658688467,19.684933094678737,8.261175898088608,61.29464635239317,35.59442252445062,13.362409491633793,196.50298679136708,0.8741205971768833,1.704951102751937,205.63305153560847,96.48536,4385.8184,3596.376
39.380099145799335,68.64651491956141,19.981322843459118,15.23498762188977,1.0377414364167328,41.82283432654631,933.7065520870992,14.904966898718259,2.320789026268773,60.35013928033954,2.8651839151887457,8.97203662815116,2.4528255658688467,19.684933094678737,8.257008530723994,61.19092886246366,33.16071829882816,13.362409491633793,196.50298679136708,0.8797979209346565,1.704951102751937,205.63305153560847,96.48536,4385.8184,3596.376
43.94285054768834,69.54331515857761,19.980980172923157,15.29408166493851,1.0815818142197244,41.788202948426594,925.8311633935102,14.845383552614056,2.3349988044376517,60.35719743457809,2.865055741181208,8.881749621427062,2.455960269084757,19.489943969899493,8.34435080571625,59.07378963672875,35.818924868713445,13.770914701764376,196.53035967271992,0.878590388683187,2.0233238721198057,205.60504099562192,96.483696,4381.6113,3592.926
43.89419672477714,69.54331515857761,19.941995856005512,17.348089977476445,1.0816941066488046,41.69163481408023,933.9341179634179,14.737839341367092,2.324966619302479,60.347183821738554,2.865182837962219,8.971635960988543,2.4527971290546096,19.55538784521385,8.370593807999803,61.17944025065477,33.16616840516825,13.396903755557622,196.88737385436497,1.3632938316707843,2.0525420057787516,205.6041965179979,96.483696,4381.6113,3592.926
44.02632053968441,68.65589357610895,19.979619369942228,17.010708456650317,1.0416703618303724,39.87859115533632,932.614509229552,14.896135924528576,2.3403370666529173,60.37022436236287,2.8651847740631764,8.886150638501398,2.462763588344585,15.626181361084623,9.441776853508289,58.73271130646752,33.17996900966838,13.706709982677097,185.15947817599098,1.4166306769466939,2.007615279315588,208.2212573696583,96.4683,4359.5205,3574.8127
39.23379895106757,69.57933387332696,19.982289761284274,15.427516341730895,1.0407228438349077,41.8233993057141,925.8018850403341,14.755769605869387,2.3335133005067754,60.353481985713884,2.8652040631424986,8.890691734476686,2.453442823827792,15.343266229181781,9.445471342932844,61.19551204762558,33.166810197430195,13.233792958755302,196.48429681121803,1.1676719384798384,2.055953152540138,205.4911136717994,96.46664,4358.098,3573.6462
43.90125943952694,69.54331515857761,19.94498672397522,17.377441204873588,1.0816941066488046,41.68984181224458,926.0317960590846,14.737839341367092,2.324966619302479,60.35031432369494,2.8651830466955546,8.974734405462268,2.4527971290546096,15.422926871140094,9.404680040377515,61.17944025065477,33.1017669298781,13.396903755557622,196.88737385436497,1.359036329200285,2.0525420057787516,205.60521477081906,96.46664,4358.098,3573.6462
43.92604663670322,68.66777351516224,19.973004564204246,17.06778579336637,1.081669677841553,39.417518478372244,925.8659956493294,14.808475700290085,2.4510501991538183,60.37075631447633,2.864316014148581,8.787933828947436,2.4619547574460223,15.183475741546197,8.383291263541889,58.92414309294606,33.13307167824147,13.276832676330073,195.68423917739767,1.3621412472462728,1.8164621977975326,208.81660700803684,96.46153,4350.246,3567.2073
43.92604663670322,68.66777351516224,19.973004564204246,17.06778579336637,1.081669677841553,39.417518478372244,925.8659956493294,14.808475700290085,2.4510501991538183,60.37075631447633,2.864316014148581,8.787933828947436,2.4619547574460223,15.183475741546197,8.383291263541889,58.92414309294606,33.13307167824147,13.276832676330073,195.68423917739767,1.3621412472462728,1.8164621977975326,208.81660700803684,96.46153,4350.246,3567.2073
41.8413065398251,69.57551472596458,19.973862009611224,15.189454907727134,1.0806842557967944,41.91622087130062,931.3340533656846,14.645769598460548,2.329614248754051,60.36983340181121,2.8646244650055155,8.884155343176893,2.4556744842730467,15.14538228539271,8.367359026450126,59.12262899848345,36.57758588329734,13.721680792148145,196.41482808222528,0.8898197381348452,1.763685348416792,205.59460932778344,96.45987,4348.8237,3566.0408
41.895443651705726,69.57551472596458,19.973862009611224,15.189454907727134,1.0806842557967944,41.91622087130062,931.3340533656846,14.645769598460548,2.329614248754051,60.36983340181121,2.8646244650055155,8.884155343176893,2.4556744842730467,15.14538228539271,8.366790738133785,59.12262899848345,36.57758588329734,13.721682982465355,196.41482808222528,1.4276257840554905,1.763685348416792,205.59460932778344,96.45987,4348.8237,3566.0408
43.88077000207259,69.56254319456245,19.982215344286598,15.29564892021621,1.081697023555894,39.41907275947058,925.929181152651,14.93191221466148,2.3257556886232345,60.3496577908098,2.8651442923423533,9.00198792474502,2.4534860020395675,15.545529112644466,8.375857393630456,58.74772141961744,33.105799690211065,13.76539425898848,197.41163571791148,0.8908382623993331,1.8162164594045622,208.65780364501776,96.433014,4345.833,3563.5884
43.92980960831092,69.56254319456245,19.982215344286598,15.29564892021621,1.081697023555894,39.41907275947058,925.8106714037233,14.648160510409589,2.3257556886232345,60.3496577908098,2.865143893900282,9.00198792474502,2.4534890177203827,15.571616757497784,8.377482593439055,58.747642518899376,33.10404089993923,13.24496409827202,197.41163571791148,0.8908382623993331,1.8162164594045622,208.68227120761276,96.433014,4345.833,3563.5884
41.98277569687834,69.56254319456245,19.982215344286598,15.299410349940981,1.0822040904733379,39.44911105023711,925.929181152651,15.084372067510467,2.2490240399920576,60.3496577908098,2.8657477432495275,9.00198792474502,2.451610529259904,15.431692755731042,8.37591810606112,58.74772141961744,33.105799690211065,13.71253846813066,187.07606418804187,0.8908382623993331,2.041979840757111,208.65616756437518,96.30578,4345.48,3563.2988
41.98277569687834,69.56254319456245,19.982215344286598,15.299410349940981,1.0822040904733379,39.44911105023711,925.929181152651,15.084372067510467,2.2490240399920576,60.3496577908098,2.8657477432495275,9.00198792474502,2.451610529259904,15.431692755731042,8.37591810606112,58.74772141961744,33.105799690211065,13.71253846813066,187.07606418804187,0.8908382623993331,2.041979840757111,208.65616756437518,96.30578,4345.48,3563.2988
41.735894818187845,68.69309931859163,19.97289264294785,16.98772523097389,1.084580149930219,44.50937313217896,925.3177149142782,14.636683466334846,2.2592973187519667,60.37127053200675,2.8651543755364486,8.828564515806217,2.4540135235955747,15.179916475941349,8.379129271342805,59.09040374077711,23.532035070078805,13.394608386054589,196.0791735978261,1.17766025453614,1.6938490871859304,205.29747714577528,96.295616,4344.2173,3562.2634
41.735894818187845,69.6805263695517,19.980828503401703,16.987356667949555,1.0392878667304857,39.98070016414253,925.3091926982013,14.41018543593905,2.259306364065953,60.325374768007926,2.8651543755364486,8.828564515806217,2.4618459530753585,15.179916475941349,8.41717728158907,59.090687603252654,23.526951696848915,13.394253102560388,196.06536515104463,1.17766025453614,1.69412976778318,205.29747714577528,96.29395,4337.2256,3556.53
41.735894818187845,69.65441645293676,19.980828503401703,16.98772523097389,1.0392878667304857,44.50937313217896,925.3177149142782,14.404918774634766,2.2592973187519667,60.325374768007926,2.8651543755364486,8.828564515806217,2.4618459530753585,15.179916475941349,8.41717728158907,59.090687603252654,23.532035070078805,13.394253102560388,196.0791735978261,1.17766025453614,1.6938490871859304,205.29747714577528,96.29395,4337.2256,3556.53
41.6766278438021,68.76052932971763,19.97287634621008,15.282009729811612,1.082493356028488,39.76471270231889,925.7139041230457,14.73369049715746,2.257853403491276,60.35712784964761,2.865162886954513,9.754616091120619,2.4535060315510684,15.169249295514843,9.34414685185423,59.11730436881868,35.626127425163915,13.721045204878946,196.56719616677904,0.8870697170596419,1.705019848822273,208.55913134632425,96.20963,4331.146,3551.546
41.71393063342725,68.76103445247439,19.97287634621008,15.734403059334632,1.082493356028488,41.53694548957588,925.503013212455,14.899169884489812,2.3207735730066297,60.37866516659827,2.865163092380779,9.754616091120619,2.4535060315510684,15.880794476855034,9.374479603812937,59.11834199089369,35.626127425163915,13.700603942889755,196.56719616677904,0.8967265762019123,1.7236150356980793,209.17252200909104,96.20963,4331.146,3551.546
43.92604663670322,68.64801684529029,19.972936721772218,17.036736393467457,1.0816596605005868,39.417518478372244,925.7826909766176,14.650157050088803,2.3266534947228377,60.37075631447633,2.8652306684716655,9.870052625349333,2.4540430455035733,15.183475741546197,8.377577273732014,61.222497062813936,33.12246970192031,13.272951100540222,196.60341817306988,1.3621412472462728,1.812586606767021,205.61180442901102,96.20898,4324.374,3545.9922
43.89115723335269,68.67713253388943,19.97328699447365,17.036736393467457,1.0816596605005868,39.76688008351993,925.7882741929475,14.977885993437553,2.2587721006844697,60.353385774209585,2.8652143720090484,9.866835365736648,2.4540430455035733,15.185084254454676,8.366492261131347,61.222497062813936,33.12575312512982,13.272951100540222,196.60337564515854,1.3615708835435367,1.812586606767021,205.60613681778912,96.20898,4324.374,3545.9922
41.848905989057414,68.64199014539521,19.939085450459462,15.248221197576,1.0638263131230887,44.659919695144666,933.1207703183326,14.56640650222921,2.4411722777133504,60.35662408187903,2.865184928804664,9.747193618592938,2.4621590018783084,15.585717595910275,8.377140057198888,59.055399848034746,33.481932912735324,13.24393061577682,196.50048234936645,1.349214160686168,2.0257820506375337,209.18355417706692,96.202866,4319.087,3541.657
41.848905989057414,68.64199014539521,19.939085450459462,15.248221197576,1.0638263131230887,44.659919695144666,933.1207703183326,14.56640650222921,2.4411722777133504,60.35662408187903,2.865184928804664,9.747193618592938,2.4621590018783084,15.585717595910275,8.377140057198888,59.055399848034746,33.481932912735324,13.24393061577682,196.50048234936645,1.349214160686168,2.0257820506375337,209.18355417706692,96.202866,4319.087,3541.657
43.92604663670322,69.60933397963541,19.980872582226073,17.036736393467457,1.036367342989733,39.417518478372244,925.7826909766176,14.41839235838872,2.3266534947228377,60.32486055047751,2.8652306684716655,9.870052625349333,2.4618754749833576,15.183475741546197,8.41562528397828,61.22278092528948,33.12246970192031,13.272595817046021,196.60341817306988,1.3621412472462728,1.812586606767021,205.61180442901102,96.182304,4317.3823,3540.2588
41.753453467139984,69.48736940485449,19.980482857954964,14.235651190496945,1.0816075643222993,39.770022233028314,932.6738109094566,14.932907676998688,2.337063090973417,60.32555797966311,2.8651848547521306,9.77359629333084,2.4627258273716235,15.592774501866351,8.391353075696163,58.74593575733305,33.235208898555484,13.462348583445968,187.66830407338102,0.9194569569861666,1.7719337590650925,209.89377343880525,96.17619,4314.88,3538.207
41.683301854473335,68.760280770858,19.990108349296793,15.77346760443176,1.081578679239804,39.74311457977047,933.1370326522323,14.712092187276962,2.258732447356676,60.34915257716987,2.8651219252871223,9.735848894367786,2.453488268476994,15.611737182894098,8.386846514234618,60.9980533588962,23.74369479374798,13.273462562679766,197.20571473651788,0.8696005217610135,1.8121032137418567,208.73113406452688,96.03695,4313.058,3536.7131
41.683301854473335,68.73417085424305,19.990108349296793,15.773836167456096,1.081578679239804,44.27078067095238,933.1455548683091,14.706825525972677,2.2587234020426896,60.34915257716987,2.8651219252871223,9.735848894367786,2.453488268476994,15.611737182894098,8.386846514234618,60.9980533588962,23.748778166977868,13.273462562679766,197.21952318329934,0.8696005217610135,1.8118225331446074,208.73113406452688,96.03695,4313.058,3536.7131
40.12848224131706,68.75972215961976,18.636287117418263,15.802517453516646,1.0003218765120039,39.34470344876282,932.9618853971924,15.640217200188514,2.4804718820857636,60.3257368333003,2.86520662388159,9.729902273733927,2.4540819653481463,15.51319077619392,8.320294180965574,60.544514839609626,22.32444458169853,13.459489982405465,207.38444332318872,1.1531634983727979,1.8998160769516665,204.99356333334688,95.799644,4312.705,3536.4236
40.12848224131706,68.75972215961976,18.636287117418263,15.802517453516646,1.0003218765120039,39.34470344876282,932.9618853971924,15.640217200188514,2.4804718820857636,60.3257368333003,2.86520662388159,9.729902273733927,2.4540819653481463,15.51319077619392,8.320294180965574,60.544514839609626,22.32444458169853,13.459489982405465,207.38444332318872,1.1531634983727979,1.8998160769516665,204.99356333334688,95.799644,4312.705,3536.4236
39.402479857423046,68.75971232504565,19.320453376738353,15.773568213528566,1.042387541832126,39.34470344876282,936.1423070792276,14.76172282978763,2.460307681240253,60.3257368333003,2.865121984099814,9.729811309507102,2.453502338388122,15.339401559781985,8.02401399128821,60.70069529436345,22.34308581084034,13.273884559123614,207.45217766613132,0.8882593637764855,1.8127287609718863,205.21690237766688,94.91256,4312.223,3536.0283
39.410772883908,68.75972215961976,19.320453376738353,15.882972265644518,1.0416409554630457,39.34470344876282,936.0876235703528,16.256596220131,2.4609823441712475,60.3257368333003,2.86520662388159,9.729902273733927,2.4540819653481463,15.335730429554859,8.02401399128821,58.78844566615512,22.323837181411566,13.459489982405465,200.1751717899803,1.1455949647164536,1.8127287609718863,205.16777509306732,94.32421,4311.87,3535.7388
39.410772883908,68.75972215961976,19.320453376738353,15.807695460446908,1.0416409554630457,39.34470344876282,936.0876235703528,16.261231970037894,2.3773094303494986,60.3257368333003,2.86520662388159,9.729902273733927,2.4540819653481463,15.525515084054692,8.02401399128821,58.814155353999666,22.315263607039512,13.459489982405465,207.3911917622807,1.1476815508453493,1.8127287609718863,205.16853839848991,94.32421,4311.87,3535.7388
39.410772883908,68.75972215961976,19.320453376738353,15.886761679992834,1.0416409554630457,39.34470344876282,936.0876235703528,16.25669293619807,2.460307681240253,60.3257368333003,2.86520662388159,9.729902273733927,2.4540819653481463,15.339401559781985,8.02401399128821,60.69910289873762,22.323371077334617,13.459489982405465,207.45217766613132,1.147018052588702,1.8127287609718863,205.05833540830835,94.32421,4311.87,3535.7388
39.410772883908,68.75972215961976,19.320453376738353,15.884186468378967,1.0416409554630457,39.34470344876282,936.0876235703528,16.256480088499128,2.4613073722818415,60.3257368333003,2.86520662388159,9.729902273733927,2.4540819653481463,15.33544928508481,8.02401399128821,60.49613320596787,22.314751146278827,13.459489982405465,199.6480988030557,1.1471846225715674,1.8127287609718863,205.05650431162465,94.32421,4311.87,3535.7388
39.410772883908,68.75972215961976,19.320453376738353,15.884957906812925,1.0416409554630457,39.34470344876282,936.0876235703528,16.256575068285173,2.3710072076773914,60.3257368333003,2.86520662388159,9.729902273733927,2.4540819653481463,15.34107495173554,8.02401399128821,58.58515044530544,22.314235936230617,13.459489982405465,206.94113351541165,1.317052503311646,1.8127287609718863,205.05504119634227,94.32421,4311.87,3535.7388
39.410772883908,68.75972215961976,19.320453376738353,15.882972265644518,1.0416409554630457,39.34470344876282,936.0876235703528,16.261231970037894,2.4609823441712475,60.3257368333003,2.86520662388159,9.729902273733927,2.4540819653481463,15.522692084023367,8.02401399128821,58.78844566615512,22.323885915827148,13.459489982405465,207.51167231632806,1.1456380016794214,1.8127287609718863,205.16777509306732,94.32421,4311.87,3535.7388
39.410772883908,68.75972215961976,19.320453376738353,15.884104739639138,1.0416409554630457,39.34470344876282,936.0876235703528,16.256596220131,2.377001809185797,60.3257368333003,2.86520662388159,9.729902273733927,2.4540819653481463,15.335730429554859,8.02401399128821,60.50659608498308,22.323837181411566,13.459489982405465,199.97044442307873,1.1558146054465708,1.8127287609718863,205.17088711172008,94.32421,4311.87,3535.7388
39.410772883908,68.75972215961976,19.320453376738353,15.803312346962322,1.0416409554630457,39.34470344876282,936.0876235703528,16.261231970037894,2.4609799717689502,60.3257368333003,2.86520662388159,9.729902273733927,2.4540819653481463,15.522219891996121,8.02401399128821,58.789022569397446,22.31484645581113,13.459489982405465,207.38359884483913,1.3152610252500672,1.8127287609718863,205.05262847513663,94.32421,4311.87,3535.7388
39.410772883908,68.75972215961976,19.320453376738353,15.807695460446908,1.0416409554630457,39.34470344876282,936.0876235703528,16.261231970037894,2.4609615164929872,60.3257368333003,2.86520662388159,9.729902273733927,2.4540819653481463,15.514483738109202,8.02401399128821,58.78860911320544,22.31484645581113,13.459489982405465,207.38372010592173,1.147713221772748,1.8127287609718863,205.16853839848991,94.32421,4311.87,3535.7388
39.410772883908,68.75972215961976,19.320453376738353,15.806410329978808,1.0416409554630457,39.34470344876282,936.0876235703528,16.261231970037894,2.3765385871671003,60.3257368333003,2.86520662388159,9.729902273733927,2.4540819653481463,15.339465066999702,8.02401399128821,60.54799830390245,22.31484645581113,13.459489982405465,207.17887147793755,1.3248961594727735,1.8127287609718863,205.05574049378941,94.32421,4311.87,3535.7388
39.410772883908,68.75972215961976,19.320453376738353,15.802517453516646,1.0416409554630457,39.34470344876282,936.0876235703528,16.261253121883726,2.4714001092795694,60.3257368333003,2.86520662388159,9.729902273733927,2.4540819653481463,15.509941436148633,8.02401399128821,60.5362560852249,22.314709256285653,13.459489982405465,207.17704231998255,1.1531634983727979,1.8127287609718863,205.05274376733615,94.32421,4311.87,3535.7388
39.410772883908,68.75972215961976,19.320453376738353,15.884957906812925,1.0416409554630457,39.34470344876282,936.0876235703528,16.256575068285173,2.3710072076773914,60.3257368333003,2.86520662388159,9.729902273733927,2.4540819653481463,15.341093183426171,8.02401399128821,58.58515044530544,22.31423905552417,13.459489982405465,199.97044442307873,1.3179121323237724,1.8127287609718863,205.16780298673066,94.32421,4311.87,3535.7388
39.410772883908,68.75972215961976,19.320453376738353,15.804816678068986,1.0416409554630457,39.34470344876282,936.0876235703528,16.261231970037894,2.460969252763532,60.3257368333003,2.86520662388159,9.729902273733927,2.4540819653481463,15.529789824542503,8.02401399128821,58.82820833466711,22.31484645581113,13.459489982405465,207.3794453695738,1.1528758134873134,1.8127287609718863,205.15899078944335,94.32421,4311.87,3535.7388
39.410772883908,68.75972215961976,19.320453376738353,15.80449636804407,1.0416409554630457,39.34470344876282,936.0876235703528,16.256596220131,2.3770077755827512,60.3257368333003,2.86520662388159,9.729902273733927,2.4540819653481463,15.335801748125776,8.02401399128821,60.50659608498308,22.324165209636593,13.459489982405465,199.90932989143803,1.150179712074173,1.8127287609718863,205.1685040383783,94.32421,4311.87,3535.7388
39.410772883908,68.75972215961976,19.320453376738353,15.8063520562507,1.0416409554630457,39.34470344876282,936.0876235703528,16.261231970037894,2.456264691521646,60.3257368333003,2.86520662388159,9.729902273733927,2.4540819653481463,15.34086836965428,8.02401399128821,60.76410817985495,22.31484645581113,13.459489982405465,207.38294301469932,1.147347489478269,1.8127287609718863,205.05109533893093,94.32421,4311.87,3535.7388
39.410772883908,68.75972215961976,19.320453376738353,15.881556493186936,1.0416409554630457,39.34470344876282,936.0876235703528,16.261231970037894,2.4605219561910343,60.3257368333003,2.86520662388159,9.729902273733927,2.4540819653481463,15.344734076604597,8.02401399128821,58.82984788507449,22.31484645581113,13.459489982405465,207.3794453695738,1.149216012985598,1.8127287609718863,205.1604876235197,94.32421,4311.87,3535.7388
39.410772883908,68.75972215961976,19.320453376738353,15.804469702950465,1.0416409554630457,39.34470344876282,936.0876235703528,16.256596220131,2.376537535948981,60.3257368333003,2.86520662388159,9.729902273733927,2.4540819653481463,15.33948503015608,8.02401399128821,60.54568007740968,22.315259698864846,13.459489982405465,207.2044370429489,1.1541060798081086,1.8127287609718863,205.17366771571457,94.32421,4311.87,3535.7388
39.410772883908,68.75972215961976,19.320453376738353,15.884104739639138,1.0416409554630457,39.34470344876282,936.0876235703528,16.256596220131,2.377001809185797,60.3257368333003,2.86520662388159,9.729902273733927,2.4540819653481463,15.335730429554859,8.02401399128821,60.54849383708538,22.323837181411566,13.459489982405465,199.97044442307873,1.1558146054465708,1.8127287609718863,205.16780298673066,94.32421,4311.87,3535.7388
39.410772883908,68.75972215961976,19.320453376738353,15.803370620690432,1.0416409554630457,39.34470344876282,936.0876235703528,16.261231970037894,2.465405693190753,60.3257368333003,2.86520662388159,9.729902273733927,2.4540819653481463,15.518553530065232,8.02401399128821,58.572912693444955,22.31484645581113,13.459489982405465,207.17952730807735,1.3152610252500672,1.8127287609718863,205.05262847513663,94.32421,4311.87,3535.7388
39.410772883908,68.75972215961976,19.320453376738353,15.8063520562507,1.0416409554630457,39.34470344876282,936.0876235703528,16.261231970037894,2.372112847593996,60.3257368333003,2.86520662388159,9.729902273733927,2.4540819653481463,15.343131428930592,8.02401399128821,60.76410817985495,22.31484645581113,13.459489982405465,207.38294301469932,1.3248961594727735,1.8127287609718863,205.05574049378941,94.32421,4311.87,3535.7388
39.410772883908,68.75972215961976,19.320453376738353,15.882972265644518,1.0416409554630457,39.34470344876282,936.0876235703528,16.261231970037894,2.4609823441712475,60.3257368333003,2.86520662388159,9.729902273733927,2.4540819653481463,15.522078586337308,8.02401399128821,58.78844566615512,22.31484645581113,13.459489982405465,207.45217766613132,1.1476025590964218,1.8127287609718863,205.16777509306732,94.32421,4311.87,3535.7388
39.410772883908,68.75972215961976,19.320453376738353,15.884937774666387,1.0416409554630457,39.34470344876282,936.0876235703528,16.261231970037894,2.4605214934866058,60.3257368333003,2.86520662388159,9.729902273733927,2.4540819653481463,15.339323761340887,8.02401399128821,58.82927098183217,22.31484645581113,13.459489982405465,207.45217766613132,1.147018052588702,1.8127287609718863,205.16777509306732,94.32421,4311.87,3535.7388
39.410772883908,68.75972215961976,19.320453376738353,15.80527785598419,1.0416409554630457,39.34470344876282,936.0876235703528,16.261231970037894,2.4605191210843085,60.3257368333003,2.86520662388159,9.729902273733927,2.4540819653481463,15.339465066999702,8.02401399128821,58.82984788507449,22.31484645581113,13.459489982405465,207.38359884483913,1.3146765187424045,1.8127287609718863,205.05262847513663,94.32421,4311.87,3535.7388
39.410772883908,68.75972215961976,19.320453376738353,15.806410329978808,1.0416409554630457,39.34470344876282,936.0876235703528,16.261231970037894,2.376532620770146,60.3257368333003,2.86520662388159,9.729902273733927,2.4540819653481463,15.339465066999702,8.02401399128821,60.54799830390245,22.31478531640851,13.459489982405465,207.17887147793755,1.3248961594727735,1.8127287609718863,205.16837437077356,94.32421,4311.87,3535.7388
39.410772883908,68.75972215961976,19.320453376738353,15.884104739639138,1.0416409554630457,39.34470344876282,936.0876235703528,16.256596220131,2.3770077755827512,60.3257368333003,2.86520662388159,9.729902273733927,2.4540819653481463,15.335730429554859,8.02401399128821,60.50659608498308,22.323898320814187,13.459489982405465,199.97044442307873,1.1558146054465708,1.8127287609718863,205.05825323473596,94.32421,4311.87,3535.7388
39.410772883908,68.75972215961976,19.320453376738353,15.80449636804407,1.0416409554630457,39.34470344876282,936.0876235703528,16.256596220131,2.376537535948981,60.3257368333003,2.86520662388159,9.729902273733927,2.4540819653481463,15.335781505558863,8.02401399128821,60.50557704559488,22.315259698864846,13.459489982405465,199.90932989143803,1.3216785206161885,1.8127287609718863,205.05156834149,94.32421,4311.87,3535.7388
39.410772883908,68.75972215961976,19.320453376738353,15.806410329978808,1.0416409554630457,39.34470344876282,936.0876235703528,16.261231970037894,2.3770088268008704,60.3257368333003,2.86520662388159,9.729902273733927,2.4540819653481463,15.339485309566616,8.02401399128821,60.54901734329065,22.32375196658288,13.459489982405465,207.17887147793755,1.1533973509305724,1.8127287609718863,205.17267619067775,94.32421,4311.87,3535.7388
39.410772883908,68.75972215961976,19.320453376738353,15.881556493186936,1.0416409554630457,39.34470344876282,936.0876235703528,16.261231970037894,2.4605191210843085,60.3257368333003,2.86520662388159,9.729902273733927,2.4540819653481463,15.521349430061406,8.02401399128821,58.82984788507449,22.31484645581113,13.459489982405465,207.3794453695738,1.149216012985598,1.8127287609718863,205.16265914479686,94.32421,4311.87,3535.7388
39.410772883908,68.75972215961976,19.320453376738353,15.806693628441773,1.0416409554630457,39.34470344876282,936.0876235703528,16.261231970037894,2.4609823441712475,60.3257368333003,2.86520662388159,9.729902273733927,2.4540819653481463,15.340194223275603,8.02401399128821,58.78844566615512,22.31484645581113,13.459489982405465,207.45633114139665,1.313063064853186,1.8127287609718863,205.0577444234071,94.32421,4311.87,3535.7388
39.410772883908,68.75972215961976,19.320453376738353,15.88297935646392,1.0416409554630457,39.34470344876282,936.0876235703528,16.256596220131,2.3785113500477992,60.3257368333003,2.86520662388159,9.729902273733927,2.4540819653481463,15.335730429554859,8.02401399128821,58.85678783449663,22.323837181411566,13.459489982405465,200.17449310986046,1.1454613957594215,1.8127287609718863,205.17088711172008,94.32421,4311.87,3535.7388
39.410772883908,68.75972215961976,19.320453376738353,15.882972265644518,1.0416409554630457,39.34470344876282,936.0876235703528,16.260931492704128,2.4609823441712475,60.3257368333003,2.86520662388159,9.729902273733927,2.4540819653481463,15.530736771605795,8.02401399128821,58.78844566615512,22.323885915827148,13.459489982405465,207.51167231632806,1.1456380016794214,1.8127287609718863,205.16777509306732,94.32421,4311.87,3535.7388
39.410772883908,68.75972215961976,19.320453376738353,15.884957906812925,1.0416409554630457,39.34470344876282,936.0876235703528,16.256581603367216,2.464779842489915,60.3257368333003,2.86520662388159,9.729902273733927,2.4540819653481463,15.336014891141215,8.02401399128821,60.54784629462978,22.323922074312954,13.459489982405465,207.44617902191197,1.3179121323237724,1.8127287609718863,205.16780298673066,94.32421,4311.87,3535.7388
39.410772883908,68.75972215961976,19.320453376738353,15.882972265644518,1.0416409554630457,39.34470344876282,936.0876235703528,16.256621069730457,2.4609823441712475,60.3257368333003,2.86520662388159,9.729902273733927,2.4540819653481463,15.330410382901462,8.02401399128821,58.78844566615512,22.32377975213889,13.459489982405465,207.58895459025408,1.1456380016794214,1.8127287609718863,205.16777509306732,94.32421,4311.87,3535.7388
39.410772883908,68.75972215961976,19.320453376738353,15.884891518017623,1.0416409554630457,39.34470344876282,936.0876235703528,16.256480088499128,2.4613073722818415,60.3257368333003,2.86520662388159,9.729902273733927,2.4540819653481463,15.339715855289914,8.02401399128821,60.49613320596787,22.31485215671701,13.459489982405465,207.4419545059669,1.1469733391163057,1.8127287609718863,205.05650431162465,94.32421,4311.87,3535.7388
39.410772883908,68.75972215961976,19.320453376738353,15.884891518017623,1.0416409554630457,39.34470344876282,936.0876235703528,16.256480088499128,2.4613073722818415,60.3257368333003,2.86520662388159,9.729902273733927,2.4540819653481463,15.33544928508481,8.02401399128821,60.49613320596787,22.314751146278827,13.459489982405465,199.6480988030557,1.1469733391163057,1.8127287609718863,205.05650838823578,94.32421,4311.87,3535.7388
40.662120026008594,68.75972215961976,19.320453376738353,15.882972265644518,1.0392277167041393,38.548398280141534,936.0876235703528,15.987064308183243,2.4609823441712475,60.15943854338069,2.86520662388159,9.729902273733927,2.4540819653481463,15.33413908571412,7.713493678554553,58.78844566615512,22.31481224025598,13.459489982405465,200.14501331851534,1.1457100535153992,1.4320890113498337,204.34877159628527,93.81483,4308.5737,3533.0361
40.662120026008594,68.75972215961976,19.320453376738353,15.882972265644518,1.0392277167041393,38.548398280141534,936.0876235703528,15.987064308183243,2.4609823441712475,60.15943854338069,2.86520662388159,9.729902273733927,2.4540819653481463,15.33413908571412,7.713493678554553,58.78844566615512,22.31481224025598,13.459489982405465,200.14501331851534,1.1457100535153992,1.4320890113498337,204.34877159628527,93.81483,4308.5737,3533.0361
40.662120026008594,68.75972215961976,19.320453376738353,15.882972265644518,1.0392277167041393,38.548398280141534,936.0876235703528,15.987064308183243,2.4609823441712475,60.15943854338069,2.86520662388159,9.729902273733927,2.4540819653481463,15.33413908571412,7.713493678554553,58.78844566615512,22.31481224025598,13.459489982405465,200.14501331851534,1.1457100535153992,1.4320890113498337,204.34877159628527,93.81483,4308.5737,3533.0361
40.662120026008594,68.75972215961976,19.320453376738353,15.882972265644518,1.0392277167041393,38.548398280141534,936.0876235703528,15.987064308183243,2.4609823441712475,60.15943854338069,2.86520662388159,9.729902273733927,2.4540819653481463,15.33413908571412,7.713493678554553,58.78844566615512,22.31481224025522,13.459489982405465,200.14501331851534,1.1457100535153992,1.4320890113498337,205.1821019277059,93.81483,4308.5737,3533.0361
40.66093727743719,68.75972215961976,19.320453376738353,15.882972265644518,1.039227738557368,38.548398280141534,936.0876235703528,15.987064308183243,2.4609823441712475,60.15943854338069,2.86520662388159,9.729902273733927,2.4540819653481463,15.33413908571412,7.7234126393448115,58.78844566615512,22.314812240315153,13.459489982405465,199.96592641086593,1.1457100535153992,1.4320890113498337,204.34819554649656,93.81483,4308.5737,3533.0361
40.662120026008594,68.75972215961976,19.320453376738353,15.882972265644518,1.0392273803769485,38.548398280141534,936.0876235703528,15.987064308183243,2.4609823441712475,60.15943854338069,2.86520662388159,9.729902273733927,2.4540819653481463,15.33413908571412,7.713744091164285,58.78844566615512,22.314812237255087,13.459489982405465,200.15160199525914,1.1457100535153992,1.4405308029940493,204.31194271995545,93.81483,4308.5737,3533.0361
40.662120026008594,68.75972215961976,19.320453376738353,15.882972265644518,1.0392277167041393,38.548398280141534,936.0876235703528,15.987064308183243,2.4609823441712475,60.15943854338069,2.86520662388159,9.729902273733927,2.4540819653481463,15.33413908571412,7.713493678554553,58.78844566615512,22.31481224025598,13.459489982405465,200.14501331851534,1.1457100535153992,1.4320890113498337,204.34877159628527,93.81483,4308.5737,3533.0361
40.637672439325286,68.82635289976501,19.320453376738353,15.882972265644518,1.0381774120264324,38.548398280141534,936.0876235703528,15.964751441674501,2.4609823441712475,60.15943854338069,2.86520662388159,9.729902273733927,2.4540819653481463,15.33413908571412,7.701953916022324,58.78844566615512,21.596538280210222,13.458563046996757,199.96724105577056,1.1439633568760201,1.4513870008888565,205.1630899924112,93.81483,4308.5737,3533.0361
40.662120026008594,68.75972215961976,19.320453376738353,15.882972265644518,1.0392277167041393,38.548398280141534,936.0876235703528,15.987064308183243,2.4609823441712475,60.15943854338069,2.86520662388159,9.729902273733927,2.4540819653481463,15.33413908571412,7.713493678554553,58.78844566615512,22.31481224025598,13.459489982405465,200.14501331851534,1.1457100535153992,1.4320890113498337,204.34877159628527,93.81483,4308.5737,3533.0361
40.662120026008594,68.75972215961976,19.320453376738353,15.882972265644518,1.0392277167041393,38.548398280141534,936.0876235703528,15.987064308183243,2.4609823441712475,60.15943854338069,2.86520662388159,9.729902273733927,2.4540819653481463,15.33413908571412,7.713493678554553,58.78844566615512,22.31481224025598,13.459489982405465,200.14501331851534,1.1457100535153992,1.4320890113498337,204.34877159628527,93.81483,4308.5737,3533.0361
40.662120026008594,68.75972215961976,19.320453376738353,15.882972265644518,1.0392277167041393,38.548398280141534,936.0876235703528,15.987064308183243,2.4609823441712475,60.15943854338069,2.86520662388159,9.729902273733927,2.4540819653481463,15.33413908571412,7.713493678554553,58.78844566615512,22.31481224025598,13.459489982405465,200.14501331851534,1.1457100535153992,1.4320890113498337,204.34877159628527,93.81483,4308.5737,3533.0361
40.662120026008594,68.75972215961976,19.320453376738353,15.882972265644518,1.0392277167041393,38.548398280141534,936.0876235703528,15.987064308183243,2.4609823441712475,60.15943854338069,2.86520662388159,9.729902273733927,2.4540819653481463,15.33413908571412,7.713493678554553,58.78844566615512,22.31481224025522,13.459489982405465,200.14501331851534,1.1457100535153992,1.4320890113498337,205.1821019277059,93.81483,4308.5737,3533.0361
40.662120026008594,68.75972215961976,19.320453376738353,15.882972265644518,1.0392277167041393,38.548398280141534,936.0876235703528,15.987064308183243,2.4609823441712475,60.15943854338069,2.86520662388159,9.729902273733927,2.4540819653481463,15.33413908571412,7.713493678554553,58.78844566615512,22.31481224025598,13.459489982405465,200.14501331851534,1.1457100535153992,1.4320890113498337,204.34877159628527,93.81483,4308.5737,3533.0361
40.662120026008594,68.75972215961976,19.320453376738353,15.882972265644518,1.0392277167041393,38.548398280141534,936.0876235703528,15.987064308183243,2.4609823441712475,60.15943854338069,2.86520662388159,9.729902273733927,2.4540819653481463,15.33413908571412,7.713493678554553,58.78844566615512,22.31481224025598,13.459489982405465,200.14501331851534,1.1457100535153992,1.4320890113498337,204.34877159628527,93.81483,4308.5737,3533.0361
40.63885518789669,68.75972215961976,19.320453376738353,15.882972265644518,1.0392423078394513,38.548398280141534,936.0876235703528,15.987064308183243,2.4609823441712475,60.15943854338069,2.86520662388159,9.729902273733927,2.4540819653481463,15.33413908571412,7.713743780187659,58.78844566615512,22.314812144603767,13.459489982405465,200.13973928667616,1.1457100535153992,1.440429887164545,204.36716458710907,93.81483,4308.5737,3533.0361
40.66093727743719,68.75972215961976,19.320453376738353,15.882972265644518,1.0392277167041393,38.548398280141534,936.0876235703528,15.987064308183243,2.4609823441712475,60.15943854338069,2.86520662388159,9.729902273733927,2.4540819653481463,15.33413908571412,7.7234126393448115,58.78844566615512,22.314812240314392,13.459489982405465,199.97251508760974,1.1457100535153992,1.4320890113498337,205.14469700158736,93.81483,4308.5737,3533.0361
40.662120026008594,68.75972215961976,19.320453376738353,15.882972265644518,1.0392277167041393,38.548398280141534,936.0876235703528,15.987064308183243,2.4609823441712475,60.15943854338069,2.86520662388159,9.729902273733927,2.4540819653481463,15.33413908571412,7.713493678554553,58.78844566615512,22.31481224025598,13.459489982405465,200.14501331851534,1.1457100535153992,1.4320890113498337,204.34877159628527,93.81483,4308.5737,3533.0361
40.662120026008594,68.75972215961976,19.320453376738353,15.882972265644518,1.0392277167041393,38.548398280141534,936.0876235703528,15.987064308183243,2.4609823441712475,60.15943854338069,2.86520662388159,9.729902273733927,2.4540819653481463,15.33413908571412,7.713493678554553,58.78844566615512,22.31481224025598,13.459489982405465,200.14501331851534,1.1457100535153992,1.4320890113498337,204.34877159628527,93.81483,4308.5737,3533.0361
40.662120026008594,68.75972215961976,19.320453376738353,15.882972265644518,1.0392277167041393,38.548398280141534,936.0876235703528,15.987064308183243,2.4609823441712475,60.15943854338069,2.86520662388159,9.729902273733927,2.4540819653481463,15.33413908571412,7.713493678554553,58.78844566615512,22.31481224025598,13.459489982405465,200.14501331851534,1.1457100535153992,1.4320890113498337,204.34877159628527,93.81483,4308.5737,3533.0361
40.662120026008594,68.75972215961976,19.320453376738353,15.882972265644518,1.0392277167041393,38.548398280141534,936.0876235703528,15.987064308183243,2.4609823441712475,60.15943854338069,2.86520662388159,9.729902273733927,2.4540819653481463,15.33413908571412,7.713493678554553,58.78844566615512,22.31481224025598,13.459489982405465,200.14501331851534,1.1457100535153992,1.4320890113498337,204.34877159628527,93.81483,4308.5737,3533.0361
40.662120026008594,68.75972215961976,19.320453376738353,15.882972265644518,1.0392277167041393,38.548398280141534,936.0876235703528,15.987064308183243,2.4609823441712475,60.15943854338069,2.86520662388159,9.729902273733927,2.4540819653481463,15.33413908571412,7.713493678554553,58.78844566615512,22.31481224025598,13.459489982405465,200.14501331851534,1.1457100535153992,1.4320890113498337,204.34877159628527,93.81483,4308.5737,3533.0361
40.662120026008594,68.75972215961976,19.320453376738353,15.882972265644518,1.0392277167041393,38.548398280141534,936.0876235703528,15.987064308183243,2.4609823441712475,60.15943854338069,2.86520662388159,9.729902273733927,2.4540819653481463,15.33413908571412,7.713493678554553,58.78844566615512,22.31481224025598,13.459489982405465,200.14501331851534,1.1457100535153992,1.4320890113498337,204.34877159628527,93.81483,4308.5737,3533.0361
40.662120026008594,68.75972215961976,19.320453376738353,15.882972265644518,1.0392277167041393,38.548398280141534,936.0876235703528,15.987064308183243,2.4609823441712475,60.15943854338069,2.86520662388159,9.729902273733927,2.4540819653481463,15.33413908571412,7.713493678554553,58.78844566615512,22.31481224025598,13.459489982405465,200.14501331851534,1.1457100535153992,1.4320890113498337,204.34877159628527,93.81483,4308.5737,3533.0361
40.662120026008594,68.75972215961976,19.320453376738353,15.882972265644518,1.0416181114908425,38.548398280141534,936.0876235703528,15.987064308183243,2.4602710659449456,60.15943854338069,2.86520662388159,9.729902273733927,2.4540819653481463,15.334221777420094,7.713584322656249,58.77098644898689,22.31481224025598,13.459489982405465,200.14501331851534,1.1457060131809953,1.4320890113498337,205.0769869912979,93.81483,4308.5737,3533.0361
40.662120026008594,68.75972215961976,19.320453376738353,15.882972265644518,1.0392277167041393,38.548398280141534,936.0876235703528,15.987064308183243,2.4609823441712475,60.15943854338069,2.86520662388159,9.729902273733927,2.4540819653481463,15.33413908571412,7.713493678554553,58.78844566615512,22.31481224025598,13.459489982405465,200.14501331851534,1.1457100535153992,1.4320890113498337,204.34877159628527,93.81483,4308.5737,3533.0361
40.662120026008594,68.75972215961976,19.320453376738353,15.882972265644518,1.0392277167041393,38.548398280141534,936.0876235703528,15.987064308183243,2.4609823441712475,60.15943854338069,2.86520662388159,9.729902273733927,2.4540819653481463,15.33413908571412,7.713493678554553,58.78844566615512,22.31481224025598,13.459489982405465,200.14501331851534,1.1457100535153992,1.4320890113498337,204.34877159628527,93.81483,4308.5737,3533.0361
40.637672439325286,68.75972215961976,19.320453376738353,15.882972265644518,1.0392423078394513,38.548398280141534,936.0876235703528,15.987064308183243,2.4609823441712475,60.15943854338069,2.86520662388159,9.729902273733927,2.4540819653481463,15.33413908571412,7.723662740977918,58.78844566615512,22.31481214466218,13.459489982405465,199.96724105577056,1.1457100535153992,1.440429887164545,205.1630899924112,93.81483,4308.5737,3533.0361
40.662120026008594,68.75972215961976,19.320453376738353,15.882972265644518,1.0392277167041393,38.548398280141534,936.0876235703528,15.987064308183243,2.4609823441712475,60.15943854338069,2.86520662388159,9.729902273733927,2.4540819653481463,15.33413908571412,7.713493678554553,58.78844566615512,22.31481224025598,13.459489982405465,200.14501331851534,1.1457100535153992,1.4320890113498337,204.34877159628527,93.81483,4308.5737,3533.0361
40.66093727743719,68.75972215961976,19.320453376738353,15.882972265644518,1.0392277167041393,38.548398280141534,936.0876235703528,15.987064308183243,2.4609823441712475,60.15943854338069,2.86520662388159,9.729902273733927,2.4540819653481463,15.33413908571412,7.7234126393448115,58.78844566615512,22.314812240315153,13.459489982405465,199.97251508760974,1.1457100535153992,1.4320890113498337,204.3113666701667,93.81483,4308.5737,3533.0361
40.662120026008594,68.75972215961976,19.320453376738353,15.882972265644518,1.039227402230177,38.548398280141534,936.0876235703528,15.987064308183243,2.4609823441712475,60.15943854338069,2.86520662388159,9.729902273733927,2.4540819653481463,15.33413908571412,7.713744091164285,58.78844566615512,22.314812237255087,13.459489982405465,200.14501331851534,1.1457100535153992,1.4405308029940493,204.34877159628527,93.81483,4308.5737,3533.0361
40.662120026008594,68.75972215961976,19.320453376738353,15.882972265644518,1.0392277167041393,38.548398280141534,936.0876235703528,15.987064308183243,2.4609823441712475,60.15943854338069,2.86520662388159,9.729902273733927,2.4540819653481463,15.33413908571412,7.713493678554553,58.78844566615512,22.31481224025598,13.459489982405465,200.14501331851534,1.1457100535153992,1.4320890113498337,204.34877159628527,93.81483,4308.5737,3533.0361
40.662120026008594,68.75972215961976,19.320453376738353,15.882972265644518,1.0392277167041393,38.548398280141534,936.0876235703528,15.987064308183243,2.4609823441712475,60.15943854338069,2.86520662388159,9.729902273733927,2.4540819653481463,15.33413908571412,7.713493678554553,58.78844566615512,22.31481224025598,13.459489982405465,200.14501331851534,1.1457100535153992,1.4320890113498337,204.34877159628527,93.81483,4308.5737,3533.0361
40.662120026008594,68.75972215961976,19.320453376738353,15.882972265644518,1.0392277167041393,38.548398280141534,936.0876235703528,15.987064308183243,2.4609823441712475,60.15943854338069,2.86520662388159,9.729902273733927,2.4540819653481463,15.33413908571412,7.713493678554553,58.78844566615512,22.31481224025598,13.459489982405465,200.14501331851534,1.1457100535153992,1.4320890113498337,204.34877159628527,93.81483,4308.5737,3533.0361
40.63813791502579,68.75972215961976,19.320453376738353,15.882972265644518,1.0392423078394513,38.548398280141534,936.0876235703528,15.987064308183243,2.4609823441712475,60.15943854338069,2.86520662388159,9.729902273733927,2.4540819653481463,15.33413908571412,7.723662740977918,58.78844566615512,22.31481214466218,13.459489982405465,199.96724105577056,1.1457100535153992,1.431990342384149,205.1630899924112,93.81483,4308.5737,3533.0361
40.66165455030809,68.75972215961976,19.320453376738353,15.882972265644518,1.0392277167041393,38.548398280141534,936.0876235703528,15.987064308183243,2.4609823441712475,60.15943854338069,2.86520662388159,9.729902273733927,2.4540819653481463,15.33413908571412,7.713493678554553,58.78844566615512,22.31481224025598,13.459489982405465,200.14501331851534,1.1457100535153992,1.44052855613023,204.34877159628527,93.81483,4308.5737,3533.0361
40.662120026008594,68.75972215961976,19.320453376738353,15.882972265644518,1.0392277167041393,38.548398280141534,936.0876235703528,15.987064308183243,2.4609823441712475,60.15943854338069,2.86520662388159,9.729902273733927,2.4540819653481463,15.33413908571412,7.713493678554553,58.78844566615512,22.31481224025598,13.459489982405465,200.14501331851534,1.1457100535153992,1.4320890113498337,204.34877159628527,93.81483,4308.5737,3533.0361
40.662120026008594,68.75972215961976,19.320453376738353,15.882972265644518,1.0392277167041393,38.548398280141534,936.0876235703528,15.987064308183243,2.4609823441712475,60.15943854338069,2.86520662388159,9.729902273733927,2.4540819653481463,15.33413908571412,7.713493678554553,58.78844566615512,22.31481224025598,13.459489982405465,200.14501331851534,1.1457100535153992,1.4320890113498337,204.34877159628527,93.81483,4308.5737,3533.0361
40.662120026008594,68.75972215961976,19.320453376738353,15.882972265644518,1.0392277167041393,38.548398280141534,936.0876235703528,15.987064308183243,2.4609823441712475,60.15943854338069,2.86520662388159,9.729902273733927,2.4540819653481463,15.33413908571412,7.713493678554553,58.78844566615512,22.31481224025598,13.459489982405465,200.14501331851534,1.1457100535153992,1.4320890113498337,204.34877159628527,93.81483,4308.5737,3533.0361
40.660875310027706,68.75972215961976,19.320453376738353,15.882972265644518,1.0392423032415279,38.548398280141534,936.0876235703528,15.987064308183243,2.4609823441712475,60.15943854338069,2.86520662388159,9.729902273733927,2.4540819653481463,15.33413908571412,7.713730123816122,58.78844566615512,22.314812240314392,13.459489982405465,200.14060689824865,1.1457100535153992,1.440459181321155,205.1601928720256,93.81483,4308.5737,3533.0361
40.638917155306174,68.75972215961976,19.320453376738353,15.882972265644518,1.0392277213020626,38.548398280141534,936.0876235703528,15.987064308183243,2.4609823441712475,60.15943854338069,2.86520662388159,9.729902273733927,2.4540819653481463,15.33413908571412,7.723426295716349,58.78844566615512,22.314812144603767,13.459489982405465,199.97164747603725,1.1457100535153992,1.432059717193224,204.35166871667084,93.81483,4308.5737,3533.0361
40.662120026008594,68.75972215961976,19.320453376738353,15.882972265644518,1.0392277167041393,38.548398280141534,936.0876235703528,15.987064308183243,2.4609823441712475,60.15943854338069,2.86520662388159,9.729902273733927,2.4540819653481463,15.33413908571412,7.713493678554553,58.78844566615512,22.31481224025598,13.459489982405465,200.14501331851534,1.1457100535153992,1.4320890113498337,204.34877159628527,93.81483,4308.5737,3533.0361
40.662120026008594,68.75972215961976,19.320453376738353,15.882972265644518,1.0392277167041393,38.548398280141534,936.0876235703528,15.987064308183243,2.4609823441712475,60.15943854338069,2.86520662388159,9.729902273733927,2.4540819653481463,15.33413908571412,7.713493678554553,58.78844566615512,22.31481224025598,13.459489982405465,200.14501331851534,1.1457100535153992,1.4320890113498337,204.34877159628527,93.81483,4308.5737,3533.0361
40.662120026008594,68.75972215961976,19.320453376738353,15.882972265644518,1.0392277167041393,38.548398280141534,936.0876235703528,15.987064308183243,2.4609823441712475,60.15943854338069,2.86520662388159,9.729902273733927,2.4540819653481463,15.33413908571412,7.713493678554553,58.78844566615512,22.31481224025598,13.459489982405465,200.14501331851534,1.1457100535153992,1.4320890113498337,204.34877159628527,93.81483,4308.5737,3533.0361
40.662120026008594,68.75972215961976,19.320453376738353,15.882972265644518,1.0392277167041393,38.548398280141534,936.0876235703528,15.987064308183243,2.4609823441712475,60.15943854338069,2.86520662388159,9.729902273733927,2.4540819653481463,15.33413908571412,7.713493678554553,58.78844566615512,22.31481224025598,13.459489982405465,200.14501331851534,1.1457100535153992,1.4320890113498337,204.34877159628527,93.81483,4308.5737,3533.0361
40.662120026008594,68.75972215961976,19.320453376738353,15.882972265644518,1.0392277167041393,38.548398280141534,936.0876235703528,15.987131166461662,2.4609823441712475,60.15943854338069,2.86520662388159,9.729902273733927,2.4540819653481463,15.33413908571412,7.713493678554553,58.78844566615512,21.539838095231346,13.459484302764109,200.14501331851534,1.1457100535153992,1.4320890113498337,204.34877159628527,93.81483,4308.5737,3533.0361
40.637672439325286,68.82635289976501,19.320453376738353,15.882972265644518,1.0381774120264324,38.548398280141534,936.0876235703528,15.964684583396082,2.4609823441712475,60.15943854338069,2.86520662388159,9.729902273733927,2.4540819653481463,15.33413908571412,7.701953916022324,58.78844566615512,22.371512425234855,13.458568726638115,199.96724105577056,1.1439633568760201,1.4513870008888565,205.1630899924112,93.81483,4308.5737,3533.0361
